가족들과 축제 갈만한데 있어?,0
친구들과 함께 축제 갈곳 있어?,0
1월 축제 있어?,0
2월 축제 있어?,0
3월 축제 있어?,0
4월 축제 있어?,0
5월 축제 있어?,0
6월 축제 있어?,0
7월 축제 있어?,0
8월 축제 있어?,0
9월 축제 있어?,0
10월 축제 있어?,0
괜찮은 축제 알려줘,0
갈만한 축제 알려줘,0
쓸만한 축제 알려줘,0
어디 괜챃은 축제 있나?,0
괜찮은 축제 있어?,0
어디 축제 재밌니?,0
축제 추천 좀 해줘,0
낚시할려는데 축제 어디 괜찮아?,0
요즘 갈만한데 알려줘,0
어디 괜찮은데 알려줘,0
괜찮은 축제 어디야,0
요즘 어떤 축제가 괜찮아?,0
요즘 어떤 축제가 좋아?,0
요즘 어떤 축제가 재미있어?,0
축제 괜찮은데 알려줘,0
재밌는 축제 알려줘,0
어디가 재밌노,0
함 보여줘바라,0
어디 괜찮나,0
어디가 괜찮아?,0
갈만한 축제,0
괜찮은 축제,0
어디 괜챃나?,0
갈만한데 축제,0
한달 뒤에 개최하는 축제,0
두달 뒤에 개최하는 축제,0
세달 뒤에 개최하는 축제,0
내달 뒤에 개최하는 축제,0
네달 뒤에 개최하는 축제,0
다섯달 뒤에 개최하는 축제,0
여섯달 뒤에 개최하는 축제,0
열곱달 뒤에 개최하는 축제,0
여덟달 뒤에 개최하는 축제,0
아홉달 뒤에 개최하는 축제,0
열달 뒤에 개최하는 축제,0
엻한달 뒤에 개최하는 축제,0
열두달 뒤에 개최하는 축제,0
미술 관련된 축제,0
절 관련된 축제,0
그림 보고싶은데 괜찮은데,0
꽃 보고 싶은데 괜찮은데,0
꽃 많은데,0
그림 많은데,0
사찰 관련된 축제,0
관련된 축제,0
관련된 축제,0
아이들과 갈만한 프로그램,0
콘서트 괜찮은데 있어?,0
문화제 관련된거 있어?,0
문화제 추천,0
콘서트 추천,0
프로그램 추천,0
갈만한 문화제 추천,0
맛있는 음식이 있는 축제,0
맛있는게 있는 축제,0
즐거운 축제 가르쳐줘,0
주말에 갈만한 행사 알려줘,0
가족들과 함께 갈만한 행사 알려줘,0
여자친구와 함께 갈만한 행사 알려줘,0
친구들과 함께 갈만한 행사 알려줘,0
괜찮은 행사 어디야?,0
이벤트 어디있니?,0
이벤트 어디 괜찮니?,0
어디 갈만한 곳 없나?,0
드라이브 할 곳 없어?,0
드라이브 할만한 곳 없어?,0
드라이브 할만한 곳 알려줘,0
드라이브 어디 괜찮은데 없어?,0
드라이블 할 곳 추천해줘,0
가수들 콘서트 알려줘,0
요즘 콘서트 알려줘,0
괜찮은데 알려줘,0