1,1월 축제 있어?
1,2월 축제 있어?
1,3월 축제 있어?
1,4월 축제 있어?
1,5월 축제 있어?
1,6월 축제 있어?
1,7월 축제 있어?
1,8월 축제 있어?
1,9월 축제 있어?
1,10월 축제 있어?
1,11월 축제 있어?
1,12월 축제 있어?
1,1월 행사 있어?
1,2월 행사 있어?
1,3월 행사 있어?
1,4월 행사 있어?
1,5월 행사 있어?
1,6월 행사 있어?
1,7월 행사 있어?
1,8월 행사 있어?
1,9월 행사 있어?
1,10월 행사 있어?
1,11월 행사 있어?
1,12월 행사 있어?
1,1월 이벤트 있어?
1,2월 이벤트 있어?
1,3월 이벤트 있어?
1,4월 이벤트 있어?
1,5월 이벤트 있어?
1,6월 이벤트 있어?
1,7월 이벤트 있어?
1,8월 이벤트 있어?
1,9월 이벤트 있어?
1,10월 이벤트 있어?
1,11월 이벤트 있어?
1,12월 이벤트 있어?
1,친구들이랑 낚시 갈려는데 이벤트 추천해줘
1,가족들이랑 함께 갈려는데 이벤트 추천해줘
1,사람들과 하려는데 할만한 이벤트 가르쳐줘
1,여자친구와 하려는데 괜찮은 이벤트 알려줘
1,친구들이랑 이벤트 갈려는데 알려줘
1,여자친구랑 가려는데 좋은 이벤트 알려줘
1,아이들과 낚시 갈려는데 이벤트 추천해줘
1,애들이랑 함께 갈려는데 이벤트 추천해줘
1,어린이 하려는데 할만한 이벤트 가르쳐줘
1,어린친구 하려는데 괜찮은 이벤트 알려줘
1,아기 이벤트 갈려는데 알려줘
1,한달 뒤에 개최하는 축제
1,두달 뒤에 개최하는 축제
1,세달 뒤에 개최하는 축제
1,내달 뒤에 개최하는 축제
1,네달 뒤에 개최하는 축제
1,다섯달 뒤에 개최하는 축제
1,여섯달 뒤에 개최하는 축제
1,열곱달 뒤에 개최하는 축제
1,여덟달 뒤에 개최하는 축제
1,아홉달 뒤에 개최하는 축제
1,열달 뒤에 개최하는 축제
1,엻한달 뒤에 개최하는 축제
1,열두달 뒤에 개최하는
1,한달 뒤에 개최하는 행사
1,두달 뒤에 개최하는 행사
1,세달 뒤에 개최하는 행사
1,내달 뒤에 개최하는 행사
1,네달 뒤에 개최하는 행사
1,다섯달 뒤에 개최하는 행사
1,여섯달 뒤에 개최하는 행사
1,열곱달 뒤에 개최하는 행사
1,여덟달 뒤에 개최하는 행사
1,아홉달 뒤에 개최하는 행사
1,열달 뒤에 개최하는 행사
1,엻한달 뒤에 개최하는 행사
1,열두달 뒤에 개최하는 행사
1,한달 뒤에 개최하는 이벤트
1,두달 뒤에 개최하는 이벤트
1,세달 뒤에 개최하는 이벤트
1,내달 뒤에 개최하는 이벤트
1,네달 뒤에 개최하는 이벤트
1,다섯달 뒤에 개최하는 이벤트
1,여섯달 뒤에 개최하는 이벤트
1,열곱달 뒤에 개최하는 이벤트
1,여덟달 뒤에 개최하는 이벤트
1,아홉달 뒤에 개최하는 이벤트
1,열달 뒤에 개최하는 이벤트
1,엻한달 뒤에 개최하는 이벤트
1,열두달 뒤에 개최하는 이벤트
1,부산축제
1,울산축제
1,서울축제
1,제주축제
1,제주도축제
1,경남축제
1,경상남도축제
1,경상북도축제
1,경북축제
1,인천축제
1,광주 축제
1,대전축제
1,세종축제
1,경기축제
1,경기도축제
1,강원축제
1,강원도축제
1,충청북도축제
1,충청남도축제
1,충북축제
1,충남축제
1,전라남도축제
1,전남축제
1,전라북도축제
1,전북축제
1,부모님과 하려는데 이벤트 알려줘
1,부모님 모시고 할 이벤트 알려줘
1,맛있는 음식 많은 이벤트 알려줘
1,재미있는 이벤트 알려줘
2,괜찮은 축제 알려줘
2,갈만한 축제 알려줘
2,쓸만한 축제 알려줘
2,어디 괜챃은 축제 있나?
2,괜찮은 축제 있어?
2,어디 축제 재밌니?
2,축제 추천 좀 해줘
2,요즘 갈만한데 알려줘
2,어디 괜찮은데 알려줘
2,괜찮은 축제 어디야
2,요즘 어떤 축제가 괜찮아?
2,요즘 어떤 축제가 좋아?
2,요즘 어떤 축제가 재미있어?
2,축제 괜찮은데 알려줘
2,어디가 재밌노
2,함 보여줘바라
2,어디 괜찮나
2,어디가 괜찮아?
2,갈만한 축제
2,괜찮은 축제
2,어디 괜챃나?
2,갈만한데 축제
2,괜찮은 행사 알려줘
2,갈만한 행사 알려줘
2,쓸만한 행사 알려줘
2,어디 괜챃은 행사 있나?
2,괜찮은 행사 있어?
2,괜찮은 행사 있어?
2,어디 괜챃은 행사 있니?
2,괜찮은 행사 있니?
2,괜찮은 행사 있니?
2,행사 추천 좀 해줘
2,괜찮은 행사 어디야
2,요즘 어떤 행사가 괜찮아?
2,요즘 어떤 행사가 좋아?
2,요즘 어떤 행사가 재미있어?
2,행사 괜찮은데 알려줘
2,갈만한 행사
2,괜찮은 행사
2,어디 괜챃나?
2,갈만한데 행사
2,괜찮은 행사 어디야?
2,이벤트 어디있니?
2,이벤트 어디 괜찮니?
2,어디 갈만한 곳 없나?
2,어디 갈만한 이벤트 있니
2,어디가 괜찮니
2,갈만한데 어디에 있니
2,괜찮은데 알려줘
2,괜찮은 이벤트 어디야
2,요즘 어떤 이벤트가 괜찮아?
2,요즘 어떤 이벤트가 좋아?
2,요즘 어떤 이벤트가 재미있어?
2,요즘 어떤 이벤트가 재미있?
2,이벤트 괜찮은데 알려줘
2,재밌는 이벤트 알려줘
2,갈만한 이벤트
2,괜찮은 이벤트
2,어디 괜챃나?
2,갈만한데 이벤트
2,괜찮은 이벤트 알려줘
2,갈만한 이벤트 알려줘
2,쓸만한 이벤트 알려줘
2,어디 괜챃은 이벤트 있나?
2,괜찮은 이벤트 있어?
2,어디 이벤트 재밌니?
2,이벤트 추천 좀 해줘
2,괜찮은 이벤트 어디야?
2,인기
2,인싸 축제
2,인기 축제
2,유명한 축제
2,검색순위
2,순위
2,인싸
2,인스타그램
2,인스타
2,랭킹
2,축제랭킹
2,축제 순위
2,요즘 인기있는 축제
2,많이 찾아보는 축제 뭐야
2,인기있는 축제 알려줘
2,사람들이 좋아하는 축제
2,사람들이 많이가는 축제
2,사람들이 좋아하는 축제 뭐야
2,사람들이 많이가는 축제 뭐야
2,제일 인기많은 축제
2,제일 인기많은 축제 뭐야
2,인기많은 축제
2,인기많은 축제 알려줘
2,인기많은 축제 알려죠
2,인기많은 축제 가르쳐줘
2,인기많은 축제 갈쳐줘
2,유명한 축제 알려죠
2,유명한 축제 가르쳐줘
2,요즘 축제
2,축제 순위 알고있음?
2,인기순서
2,검색 순위알려줘
2,요즘 트렌드
2,트렌드 축제
2,1등 축제
2,참가자 많은 축제
2,축제들 순위 알려줘
2,인기 축제 알려주셈
2,인기축제 알려주삼
2,인기축제 알려주소
2,요즘 인기있는거
2,추천많은 축제
2,축제 랭킹 알려줘
2,랭킹 순위 알려줘
2,인기 축제 추천해줘
2,요즘 많이 가는 축제 알려줘
2,사람들 많이 가는 축제 있어?
2,다른 인기많은 축제들도 보고싶어
2,인기축제 알려주이소
2,인기많은 축제 뭐뭐있어
2,괜찮은 행사 어디야?